name,latent_path,compressed_path,original_bytes,compressed_bytes,saved_bytes,original_mb,compressed_mb,saved_mb,original_mib,compressed_mib,saved_mib,compression_ratio,saved_percent,original_sha256,restored_sha256,verified_lossless
000_subject_consistency_r00_p003_a_person_eating_a_burger,/workspace/video_bench/wan22_ti2v5b_vbench_16x4_seed42/latents/000_subject_consistency_r00_p003_a_person_eating_a_burger.pt,,20953351,19196455,1756896,20.953351,19.196455,1.756896,19.982673,18.307166,1.675507,1.091522,8.3848,ba51b2e435c4b87f73c9bb7de6022809a53389b0ea1edeb258972214c636d288,ba51b2e435c4b87f73c9bb7de6022809a53389b0ea1edeb258972214c636d288,True
001_subject_consistency_r01_p014_a_car_accelerating_to_gain_speed,/workspace/video_bench/wan22_ti2v5b_vbench_16x4_seed42/latents/001_subject_consistency_r01_p014_a_car_accelerating_to_gain_speed.pt,,20953471,19248919,1704552,20.953471,19.248919,1.704552,19.982787,18.3572,1.625587,1.088553,8.1349,2d4ad0e3fbc8c72580a14d5d343709ebbf7499e7a3e0d6b7f89e98a1bbe14131,2d4ad0e3fbc8c72580a14d5d343709ebbf7499e7a3e0d6b7f89e98a1bbe14131,True
002_subject_consistency_r02_p031_a_truck_anchored_in_a_tranquil_bay,/workspace/video_bench/wan22_ti2v5b_vbench_16x4_seed42/latents/002_subject_consistency_r02_p031_a_truck_anchored_in_a_tranquil_bay.pt,,20953613,18946847,2006766,20.953613,18.946847,2.006766,19.982923,18.069121,1.913801,1.105916,9.5772,deef2af2329a0a90c6a309a0df9729fa3ec7f71a4f23cb494920b82835b12ce7,deef2af2329a0a90c6a309a0df9729fa3ec7f71a4f23cb494920b82835b12ce7,True
003_subject_consistency_r03_p035_a_boat_sailing_smoothly_on_a_calm_lake,/workspace/video_bench/wan22_ti2v5b_vbench_16x4_seed42/latents/003_subject_consistency_r03_p035_a_boat_sailing_smoothly_on_a_calm_lake.pt,,20953705,19056187,1897518,20.953705,19.056187,1.897518,19.98301,18.173396,1.809614,1.099575,9.0558,cd8070757237477cfbaed588b08d2aa6d3a4b17d8df7c4739443f0bc89f0d969,cd8070757237477cfbaed588b08d2aa6d3a4b17d8df7c4739443f0bc89f0d969,True
004_background_consistency_r00_p013_bridge,/workspace/video_bench/wan22_ti2v5b_vbench_16x4_seed42/latents/004_background_consistency_r00_p013_bridge.pt,,20953118,19015279,1937839,20.953118,19.015279,1.937839,19.98245,18.134383,1.848067,1.10191,9.2485,acd05bf85770df7386e410d47a8f1e29377cd2a46bad8d77050dcb969c318448,acd05bf85770df7386e410d47a8f1e29377cd2a46bad8d77050dcb969c318448,True
005_background_consistency_r01_p017_campus,/workspace/video_bench/wan22_ti2v5b_vbench_16x4_seed42/latents/005_background_consistency_r01_p017_campus.pt,,20953118,19133089,1820029,20.953118,19.133089,1.820029,19.98245,18.246736,1.735715,1.095125,8.6862,574e9b41735c7e2824cf5757de022fd5826a6375d1482900ecefb2ebcc13cdf1,574e9b41735c7e2824cf5757de022fd5826a6375d1482900ecefb2ebcc13cdf1,True
006_background_consistency_r02_p028_downtown,/workspace/video_bench/wan22_ti2v5b_vbench_16x4_seed42/latents/006_background_consistency_r02_p028_downtown.pt,,20953132,19140739,1812393,20.953132,19.140739,1.812393,19.982464,18.254031,1.728433,1.094688,8.6497,c2267276f9b083b21b9b7c682ae3e2d6226e0804aa02eaef970c8fd1f76fea67,c2267276f9b083b21b9b7c682ae3e2d6226e0804aa02eaef970c8fd1f76fea67,True
007_background_consistency_r03_p069_ski_slope,/workspace/video_bench/wan22_ti2v5b_vbench_16x4_seed42/latents/007_background_consistency_r03_p069_ski_slope.pt,,20953139,19069130,1884009,20.953139,19.06913,1.884009,19.982471,18.18574,1.796731,1.098799,8.9915,c5c34a4768cca10164425c43fa5c3cefe313aa8305d32cb7078a31cb9bb71e68,c5c34a4768cca10164425c43fa5c3cefe313aa8305d32cb7078a31cb9bb71e68,True
008_temporal_flickering_r00_p003_a_tranquil_tableau_of_alley,/workspace/video_bench/wan22_ti2v5b_vbench_16x4_seed42/latents/008_temporal_flickering_r00_p003_a_tranquil_tableau_of_alley.pt,,20953436,19095790,1857646,20.953436,19.09579,1.857646,19.982754,18.211164,1.771589,1.09728,8.8656,0f733730449d9fadd5646789b5d8db78acbbc2d3933a513052bd595127c61b06,0f733730449d9fadd5646789b5d8db78acbbc2d3933a513052bd595127c61b06,True
009_temporal_flickering_r01_p004_a_tranquil_tableau_of_bar,/workspace/video_bench/wan22_ti2v5b_vbench_16x4_seed42/latents/009_temporal_flickering_r01_p004_a_tranquil_tableau_of_bar.pt,,20953358,19138380,1814978,20.953358,19.13838,1.814978,19.982679,18.251781,1.730898,1.094834,8.662,95990a5eababa7f35417b998e58b64df02375a9fc4c4ab80cf3243d6141fc616,95990a5eababa7f35417b998e58b64df02375a9fc4c4ab80cf3243d6141fc616,True
010_temporal_flickering_r02_p011_a_tranquil_tableau_of_house,/workspace/video_bench/wan22_ti2v5b_vbench_16x4_seed42/latents/010_temporal_flickering_r02_p011_a_tranquil_tableau_of_house.pt,,20953436,19074892,1878544,20.953436,19.074892,1.878544,19.982754,18.191235,1.791519,1.098483,8.9653,c41e9bba09f54d35cc6a5a647b8ac49a19ebed43644463d79444708028850e60,c41e9bba09f54d35cc6a5a647b8ac49a19ebed43644463d79444708028850e60,True
011_temporal_flickering_r03_p054_a_tranquil_tableau_of_in_the_heart_of_plaka_the_neoclassical_architecture_of_the,/workspace/video_bench/wan22_ti2v5b_vbench_16x4_seed42/latents/011_temporal_flickering_r03_p054_a_tranquil_tableau_of_in_the_heart_of_plaka_the_neoclassical_architecture_of_the.pt,,20954191,19074794,1879397,20.954191,19.074794,1.879397,19.983474,18.191141,1.792333,1.098528,8.9691,3fd35e67c467864da3b92fc925e075c3cbf9e6e0260f538465a99dd1a5443448,3fd35e67c467864da3b92fc925e075c3cbf9e6e0260f538465a99dd1a5443448,True
012_motion_smoothness_r00_p011_a_car_stuck_in_traffic_during_rush_hour,/workspace/video_bench/wan22_ti2v5b_vbench_16x4_seed42/latents/012_motion_smoothness_r00_p011_a_car_stuck_in_traffic_during_rush_hour.pt,,20953634,19205602,1748032,20.953634,19.205602,1.748032,19.982943,18.315889,1.667053,1.091017,8.3424,b86325a232dc9f5ddcf80a6f53f5c42a1c213f7362c2d4451ea0c63ef2435fa5,b86325a232dc9f5ddcf80a6f53f5c42a1c213f7362c2d4451ea0c63ef2435fa5,True
013_motion_smoothness_r01_p027_a_train_speeding_down_the_tracks,/workspace/video_bench/wan22_ti2v5b_vbench_16x4_seed42/latents/013_motion_smoothness_r01_p027_a_train_speeding_down_the_tracks.pt,,20953457,19229296,1724161,20.953457,19.229296,1.724161,19.982774,18.338486,1.644288,1.089663,8.2285,ac0fc8854408fef65a6fdcbfbc3981dc9aa8d4dcbf2120eb9949af577ad129b3,ac0fc8854408fef65a6fdcbfbc3981dc9aa8d4dcbf2120eb9949af577ad129b3,True
014_motion_smoothness_r02_p029_a_train_accelerating_to_gain_speed,/workspace/video_bench/wan22_ti2v5b_vbench_16x4_seed42/latents/014_motion_smoothness_r02_p029_a_train_accelerating_to_gain_speed.pt,,20953471,19272225,1681246,20.953471,19.272225,1.681246,19.982787,18.379426,1.603361,1.087237,8.0237,28d80870fbf0f2ce0c050905af0337676062fa4cc4889836c2568419dd3f446f,28d80870fbf0f2ce0c050905af0337676062fa4cc4889836c2568419dd3f446f,True
015_motion_smoothness_r03_p064_a_bear_climbing_a_tree,/workspace/video_bench/wan22_ti2v5b_vbench_16x4_seed42/latents/015_motion_smoothness_r03_p064_a_bear_climbing_a_tree.pt,,20953195,19249323,1703872,20.953195,19.249323,1.703872,19.982524,18.357585,1.624939,1.088516,8.1318,a44ddc599f1c607cbbb2c28615e69b62ae86f0964686451fd31105b6feaea28f,a44ddc599f1c607cbbb2c28615e69b62ae86f0964686451fd31105b6feaea28f,True
016_dynamic_degree_r00_p003_a_person_eating_a_burger,/workspace/video_bench/wan22_ti2v5b_vbench_16x4_seed42/latents/016_dynamic_degree_r00_p003_a_person_eating_a_burger.pt,,20953188,19195698,1757490,20.953188,19.195698,1.75749,19.982517,18.306444,1.676073,1.091556,8.3877,889363e54757cf84f4415af5780e28252ee2d6b6aef8cdb05a855729d2cca396,889363e54757cf84f4415af5780e28252ee2d6b6aef8cdb05a855729d2cca396,True
017_dynamic_degree_r01_p025_a_bus_stuck_in_traffic_during_rush_hour,/workspace/video_bench/wan22_ti2v5b_vbench_16x4_seed42/latents/017_dynamic_degree_r01_p025_a_bus_stuck_in_traffic_during_rush_hour.pt,,20953613,19219874,1733739,20.953613,19.219874,1.733739,19.982923,18.3295,1.653422,1.090206,8.2742,78005e2f5165a48a33d79c7266aea4cf971241d394f22f9002fb6e40ea2cc2a0,78005e2f5165a48a33d79c7266aea4cf971241d394f22f9002fb6e40ea2cc2a0,True
018_dynamic_degree_r02_p069_a_giraffe_bending_down_to_drink_water_from_a_river,/workspace/video_bench/wan22_ti2v5b_vbench_16x4_seed42/latents/018_dynamic_degree_r02_p069_a_giraffe_bending_down_to_drink_water_from_a_river.pt,,20953754,19163242,1790512,20.953754,19.163242,1.790512,19.983057,18.275492,1.707565,1.093435,8.5451,e40d6a31c95a9a9063826765f4e91a5c42de676024517ad7b5ec87f23edb345f,e40d6a31c95a9a9063826765f4e91a5c42de676024517ad7b5ec87f23edb345f,True
019_dynamic_degree_r03_p071_a_giraffe_running_to_join_a_herd_of_its_kind,/workspace/video_bench/wan22_ti2v5b_vbench_16x4_seed42/latents/019_dynamic_degree_r03_p071_a_giraffe_running_to_join_a_herd_of_its_kind.pt,,20953712,19037801,1915911,20.953712,19.037801,1.915911,19.983017,18.155862,1.827155,1.100637,9.1435,2f5eea22fd094589f33d2216b3c73edc91838a195f2316de7d75c1a1242bba11,2f5eea22fd094589f33d2216b3c73edc91838a195f2316de7d75c1a1242bba11,True
020_aesthetic_quality_r00_p028_origami_dancers_in_white_paper_3d_render_on_white_background_studio_shot_dancing,/workspace/video_bench/wan22_ti2v5b_vbench_16x4_seed42/latents/020_aesthetic_quality_r00_p028_origami_dancers_in_white_paper_3d_render_on_white_background_studio_shot_dancing.pt,,20954177,19002682,1951495,20.954177,19.002682,1.951495,19.98346,18.12237,1.861091,1.102696,9.3132,8f644a29a03babed454f2b649498c2adf380b50fdfe781a9150d0c0ee30e5414,8f644a29a03babed454f2b649498c2adf380b50fdfe781a9150d0c0ee30e5414,True
021_aesthetic_quality_r01_p053_a_jellyfish_floating_through_the_ocean_with_bioluminescent_tentacles,/workspace/video_bench/wan22_ti2v5b_vbench_16x4_seed42/latents/021_aesthetic_quality_r01_p053_a_jellyfish_floating_through_the_ocean_with_bioluminescent_tentacles.pt,,20954029,18648128,2305901,20.954029,18.648128,2.305901,19.983319,17.784241,2.199079,1.123653,11.0046,7f59cc1eb958885326ad47a0eeacd1dc0e0e09300ea4da976a6bb8f5aefedafe,7f59cc1eb958885326ad47a0eeacd1dc0e0e09300ea4da976a6bb8f5aefedafe,True
022_aesthetic_quality_r02_p057_a_steam_train_moving_on_a_mountainside,/workspace/video_bench/wan22_ti2v5b_vbench_16x4_seed42/latents/022_aesthetic_quality_r02_p057_a_steam_train_moving_on_a_mountainside.pt,,20953627,19220958,1732669,20.953627,19.220958,1.732669,19.982936,18.330534,1.652402,1.090145,8.2691,83db666e853e1492c30b4f85ce52ecd54a4d513ad2fe44f4615e4442910f3bde,83db666e853e1492c30b4f85ce52ecd54a4d513ad2fe44f4615e4442910f3bde,True
023_aesthetic_quality_r03_p075_a_happy_fuzzy_panda_playing_guitar_nearby_a_campfire_snow_mountain_in_the_backgr,/workspace/video_bench/wan22_ti2v5b_vbench_16x4_seed42/latents/023_aesthetic_quality_r03_p075_a_happy_fuzzy_panda_playing_guitar_nearby_a_campfire_snow_mountain_in_the_backgr.pt,,20954113,19270686,1683427,20.954113,19.270686,1.683427,19.983399,18.377958,1.605441,1.087357,8.0339,489ff6b8230cb3b64b3d968040a94342d74e9d13c5c63d5944258bd98de5bef9,489ff6b8230cb3b64b3d968040a94342d74e9d13c5c63d5944258bd98de5bef9,True
024_imaging_quality_r00_p000_close_up_of_grapes_on_a_rotating_table,/workspace/video_bench/wan22_ti2v5b_vbench_16x4_seed42/latents/024_imaging_quality_r00_p000_close_up_of_grapes_on_a_rotating_table.pt,,20953613,19273631,1679982,20.953613,19.273631,1.679982,19.982923,18.380767,1.602156,1.087165,8.0176,3314cb981d58bca2a46f687aaa4a127624be2acaf29b700de018aa9044f8c5aa,3314cb981d58bca2a46f687aaa4a127624be2acaf29b700de018aa9044f8c5aa,True
025_imaging_quality_r01_p020_a_shark_is_swimming_in_the_ocean,/workspace/video_bench/wan22_ti2v5b_vbench_16x4_seed42/latents/025_imaging_quality_r01_p020_a_shark_is_swimming_in_the_ocean.pt,,20953443,18629673,2323770,20.953443,18.629673,2.32377,19.98276,17.766641,2.21612,1.124735,11.0902,985a3f25596dc71cfdbd0989714ba4b68e4b0edd6006e64a7dbc04b448d4099c,985a3f25596dc71cfdbd0989714ba4b68e4b0edd6006e64a7dbc04b448d4099c,True
026_imaging_quality_r02_p035_busy_freeway_at_night,/workspace/video_bench/wan22_ti2v5b_vbench_16x4_seed42/latents/026_imaging_quality_r02_p035_busy_freeway_at_night.pt,,20953174,18933355,2019819,20.953174,18.933355,2.019819,19.982504,18.056254,1.92625,1.10668,9.6397,6747cc53cec3da0888c9b5158d7417147e2ed8b2481c624a0ee6d832df523bef,6747cc53cec3da0888c9b5158d7417147e2ed8b2481c624a0ee6d832df523bef,True
027_imaging_quality_r03_p089_hyper_realistic_spaceship_landing_on_mars,/workspace/video_bench/wan22_ti2v5b_vbench_16x4_seed42/latents/027_imaging_quality_r03_p089_hyper_realistic_spaceship_landing_on_mars.pt,,20953634,19149625,1804009,20.953634,19.149625,1.804009,19.982943,18.262506,1.720437,1.094206,8.6095,bb1d91c533aa9d27ed3b9e2926dfc75426d5fd9625ff1c818fc85badf452db18,bb1d91c533aa9d27ed3b9e2926dfc75426d5fd9625ff1c818fc85badf452db18,True
028_object_class_r00_p019_a_cow,/workspace/video_bench/wan22_ti2v5b_vbench_16x4_seed42/latents/028_object_class_r00_p019_a_cow.pt,,20953041,19167705,1785336,20.953041,19.167705,1.785336,19.982377,18.279748,1.702629,1.093143,8.5207,d9a3900cacd70a16f5a15de7ec53bd324fb18ed6c19d6a20956702b20df57d51,d9a3900cacd70a16f5a15de7ec53bd324fb18ed6c19d6a20956702b20df57d51,True
029_object_class_r01_p035_a_baseball_glove,/workspace/video_bench/wan22_ti2v5b_vbench_16x4_seed42/latents/029_object_class_r01_p035_a_baseball_glove.pt,,20953118,19239508,1713610,20.953118,19.239508,1.71361,19.98245,18.348225,1.634226,1.089067,8.1783,6348a0f5f80201ce80228f25a0e54f1fdeb8a092cdbb06a268fd3b46460c483f,6348a0f5f80201ce80228f25a0e54f1fdeb8a092cdbb06a268fd3b46460c483f,True
030_object_class_r02_p043_a_knife,/workspace/video_bench/wan22_ti2v5b_vbench_16x4_seed42/latents/030_object_class_r02_p043_a_knife.pt,,20953055,19229142,1723913,20.953055,19.229142,1.723913,19.98239,18.338339,1.644052,1.089651,8.2275,c7b855d4575cb3304d20db95ee39ee65d95121ebb6bf49064ee21b0894507579,c7b855d4575cb3304d20db95ee39ee65d95121ebb6bf49064ee21b0894507579,True
031_object_class_r03_p054_a_donut,/workspace/video_bench/wan22_ti2v5b_vbench_16x4_seed42/latents/031_object_class_r03_p054_a_donut.pt,,20953055,19186297,1766758,20.953055,19.186297,1.766758,19.98239,18.297479,1.684912,1.092084,8.432,b85983d27dc9ba4ce7ceefa6009856722f1ddc9deb48682d97080a052112eb6c,b85983d27dc9ba4ce7ceefa6009856722f1ddc9deb48682d97080a052112eb6c,True
032_multiple_objects_r00_p011_a_couch_and_a_potted_plant,/workspace/video_bench/wan22_ti2v5b_vbench_16x4_seed42/latents/032_multiple_objects_r00_p011_a_couch_and_a_potted_plant.pt,,20953344,19229808,1723536,20.953344,19.229808,1.723536,19.982666,18.338974,1.643692,1.089628,8.2256,549f0fe168ee25cd46a2bdea1f20a163d8fc48bd5f8fb2381bab36102a4b36de,549f0fe168ee25cd46a2bdea1f20a163d8fc48bd5f8fb2381bab36102a4b36de,True
033_multiple_objects_r01_p013_a_tv_and_a_laptop,/workspace/video_bench/wan22_ti2v5b_vbench_16x4_seed42/latents/033_multiple_objects_r01_p013_a_tv_and_a_laptop.pt,,20953153,19221691,1731462,20.953153,19.221691,1.731462,19.982484,18.331233,1.651251,1.090079,8.2635,81e4db862a8738a938c64287785d4aa3d100b609ea78ca05042b57b156b9cb1a,81e4db862a8738a938c64287785d4aa3d100b609ea78ca05042b57b156b9cb1a,True
034_multiple_objects_r02_p027_a_teddy_bear_and_a_frisbee,/workspace/video_bench/wan22_ti2v5b_vbench_16x4_seed42/latents/034_multiple_objects_r02_p027_a_teddy_bear_and_a_frisbee.pt,,20953344,19207647,1745697,20.953344,19.207647,1.745697,19.982666,18.31784,1.664826,1.090886,8.3314,f86b6138756626ad0402376670ae9c54ca71b255915c6c1cd775da53e0a7eb70,f86b6138756626ad0402376670ae9c54ca71b255915c6c1cd775da53e0a7eb70,True
035_multiple_objects_r03_p043_a_car_and_a_motorcycle,/workspace/video_bench/wan22_ti2v5b_vbench_16x4_seed42/latents/035_multiple_objects_r03_p043_a_car_and_a_motorcycle.pt,,20953188,19241339,1711849,20.953188,19.241339,1.711849,19.982517,18.349971,1.632546,1.088967,8.1699,4e64e3061f5c9aa471bc3663f55b26f0887276742356556fc9deda2f22f8c0b7,4e64e3061f5c9aa471bc3663f55b26f0887276742356556fc9deda2f22f8c0b7,True
036_human_action_r00_p012_a_person_is_skateboarding,/workspace/video_bench/wan22_ti2v5b_vbench_16x4_seed42/latents/036_human_action_r00_p012_a_person_is_skateboarding.pt,,20953181,19237382,1715799,20.953181,19.237382,1.715799,19.982511,18.346197,1.636313,1.089191,8.1887,b09b3f176e7feb4c7c523b107f5e4cf824e2283cbcad0c796689c55e0ec8a2ce,b09b3f176e7feb4c7c523b107f5e4cf824e2283cbcad0c796689c55e0ec8a2ce,True
037_human_action_r01_p044_a_person_is_planting_trees,/workspace/video_bench/wan22_ti2v5b_vbench_16x4_seed42/latents/037_human_action_r01_p044_a_person_is_planting_trees.pt,,20953188,19236221,1716967,20.953188,19.236221,1.716967,19.982517,18.34509,1.637427,1.089257,8.1943,81f779395f839f85deb4a4c6b41cb29f9191a64d9acbe995f5c596685d3ee381,81f779395f839f85deb4a4c6b41cb29f9191a64d9acbe995f5c596685d3ee381,True
038_human_action_r02_p045_a_person_is_sharpening_knives,/workspace/video_bench/wan22_ti2v5b_vbench_16x4_seed42/latents/038_human_action_r02_p045_a_person_is_sharpening_knives.pt,,20953337,19314131,1639206,20.953337,19.314131,1.639206,19.982659,18.419391,1.563269,1.084871,7.8231,985768a66e8b5e8da408cec4236fefc64ef5971973446851e6b87c9c6a2d3605,985768a66e8b5e8da408cec4236fefc64ef5971973446851e6b87c9c6a2d3605,True
039_human_action_r03_p048_a_person_is_hula_hooping,/workspace/video_bench/wan22_ti2v5b_vbench_16x4_seed42/latents/039_human_action_r03_p048_a_person_is_hula_hooping.pt,,20953174,19223637,1729537,20.953174,19.223637,1.729537,19.982504,18.333089,1.649415,1.089969,8.2543,92de88d3c21f25b6861aaa942c178ea68bed19c2a7278966443a1bd394f52e46,92de88d3c21f25b6861aaa942c178ea68bed19c2a7278966443a1bd394f52e46,True
040_color_r00_p005_a_purple_bicycle,/workspace/video_bench/wan22_ti2v5b_vbench_16x4_seed42/latents/040_color_r00_p005_a_purple_bicycle.pt,,20953069,19240626,1712443,20.953069,19.240626,1.712443,19.982404,18.349291,1.633113,1.089001,8.1728,9de77bf97ee148ade33f11f44a4fb996a3f6de9318e8baa1b4de64c33d105fa1,9de77bf97ee148ade33f11f44a4fb996a3f6de9318e8baa1b4de64c33d105fa1,True
041_color_r01_p033_a_blue_umbrella,/workspace/video_bench/wan22_ti2v5b_vbench_16x4_seed42/latents/041_color_r01_p033_a_blue_umbrella.pt,,20953062,19139307,1813755,20.953062,19.139307,1.813755,19.982397,18.252666,1.729732,1.094766,8.6563,e6423b290e56e19bba811aab512b4de03622bd986a1cf8678098f05770a63882,e6423b290e56e19bba811aab512b4de03622bd986a1cf8678098f05770a63882,True
042_color_r02_p058_a_red_chair,/workspace/video_bench/wan22_ti2v5b_vbench_16x4_seed42/latents/042_color_r02_p058_a_red_chair.pt,,20953034,19248359,1704675,20.953034,19.248359,1.704675,19.98237,18.356666,1.625705,1.088562,8.1357,a8c907f5359282a3d85d51ab8d9214151fda4d5865f1548e457353c2c5abe9f7,a8c907f5359282a3d85d51ab8d9214151fda4d5865f1548e457353c2c5abe9f7,True
043_color_r03_p077_a_green_vase,/workspace/video_bench/wan22_ti2v5b_vbench_16x4_seed42/latents/043_color_r03_p077_a_green_vase.pt,,20953041,19143487,1809554,20.953041,19.143487,1.809554,19.982377,18.256652,1.725725,1.094526,8.6362,085f128442a0f5331d7c257a6367962c6807372b358e68ea555aa1fd2e5b3cfb,085f128442a0f5331d7c257a6367962c6807372b358e68ea555aa1fd2e5b3cfb,True
044_spatial_relationship_r00_p010_a_bird_on_the_left_of_a_cat_front_view,/workspace/video_bench/wan22_ti2v5b_vbench_16x4_seed42/latents/044_spatial_relationship_r00_p010_a_bird_on_the_left_of_a_cat_front_view.pt,,20953712,19229812,1723900,20.953712,19.229812,1.7239,19.983017,18.338978,1.644039,1.089647,8.2272,2ed896efdfd6f43e8a9b4d2808dfe883e16dc1df94601aa54c231d7300d1e22c,2ed896efdfd6f43e8a9b4d2808dfe883e16dc1df94601aa54c231d7300d1e22c,True
045_spatial_relationship_r01_p015_a_cow_on_the_right_of_an_elephant_front_view,/workspace/video_bench/wan22_ti2v5b_vbench_16x4_seed42/latents/045_spatial_relationship_r01_p015_a_cow_on_the_right_of_an_elephant_front_view.pt,,20953754,19207504,1746250,20.953754,19.207504,1.74625,19.983057,18.317703,1.665354,1.090915,8.3338,cbfadfc03dae4d4348493276c052d05f979c1bf4f9e89eaa24c028ae0d0b0796,cbfadfc03dae4d4348493276c052d05f979c1bf4f9e89eaa24c028ae0d0b0796,True
046_spatial_relationship_r02_p048_a_train_on_the_right_of_a_boat_front_view,/workspace/video_bench/wan22_ti2v5b_vbench_16x4_seed42/latents/046_spatial_relationship_r02_p048_a_train_on_the_right_of_a_boat_front_view.pt,,20953733,19203575,1750158,20.953733,19.203575,1.750158,19.983037,18.313956,1.669081,1.091137,8.3525,fc57929e8ef03d6f466a818213fe3d8adc434a82a09440cda001361b88039c4b,fc57929e8ef03d6f466a818213fe3d8adc434a82a09440cda001361b88039c4b,True
047_spatial_relationship_r03_p068_a_pizza_on_the_top_of_a_donut_front_view,/workspace/video_bench/wan22_ti2v5b_vbench_16x4_seed42/latents/047_spatial_relationship_r03_p068_a_pizza_on_the_top_of_a_donut_front_view.pt,,20953726,19157555,1796171,20.953726,19.157555,1.796171,19.98303,18.270068,1.712962,1.093758,8.5721,c7df662616d1e9564ddb3def62c9d382a75d32c182a0e3b4fbee9e4da6fc5a3d,c7df662616d1e9564ddb3def62c9d382a75d32c182a0e3b4fbee9e4da6fc5a3d,True
048_scene_r00_p037_golf_course,/workspace/video_bench/wan22_ti2v5b_vbench_16x4_seed42/latents/048_scene_r00_p037_golf_course.pt,,20953034,19049102,1903932,20.953034,19.049102,1.903932,19.98237,18.166639,1.815731,1.099949,9.0867,b2d2b6b9d9680f9ae7e3858d13467b50bbfcbd0ec524ae53f95c734468d32fb3,b2d2b6b9d9680f9ae7e3858d13467b50bbfcbd0ec524ae53f95c734468d32fb3,True
049_scene_r01_p070_sky,/workspace/video_bench/wan22_ti2v5b_vbench_16x4_seed42/latents/049_scene_r01_p070_sky.pt,,20952978,18947163,2005815,20.952978,18.947163,2.005815,19.982317,18.069423,1.912894,1.105864,9.5729,26c4e5557be9fb4a6325e2a037a85f1e04e07c2556ec1a6b14295680088fccd3,26c4e5557be9fb4a6325e2a037a85f1e04e07c2556ec1a6b14295680088fccd3,True
050_scene_r02_p079_train_railway,/workspace/video_bench/wan22_ti2v5b_vbench_16x4_seed42/latents/050_scene_r02_p079_train_railway.pt,,20953048,19175790,1777258,20.953048,19.17579,1.777258,19.982384,18.287458,1.694925,1.092682,8.4821,6da9a14690519b0ecac7d99adb5d2d33111d1d95715f3a554a85425298abd9f2,6da9a14690519b0ecac7d99adb5d2d33111d1d95715f3a554a85425298abd9f2,True
051_scene_r03_p080_train_station_platform,/workspace/video_bench/wan22_ti2v5b_vbench_16x4_seed42/latents/051_scene_r03_p080_train_station_platform.pt,,20953111,19156069,1797042,20.953111,19.156069,1.797042,19.982444,18.268651,1.713793,1.093811,8.5765,81a277d6629f18bc961481c2e4144000e9545cfbe1ca86c49678981aae563c05,81a277d6629f18bc961481c2e4144000e9545cfbe1ca86c49678981aae563c05,True
052_temporal_style_r00_p024_a_shark_is_swimming_in_the_ocean_pan_right,/workspace/video_bench/wan22_ti2v5b_vbench_16x4_seed42/latents/052_temporal_style_r00_p024_a_shark_is_swimming_in_the_ocean_pan_right.pt,,20953634,18674520,2279114,20.953634,18.67452,2.279114,19.982943,17.80941,2.173532,1.122044,10.8769,82c065cc38b67653077a9bbe882d3771f16d0de3494c432135ee8f9b964b52e4,82c065cc38b67653077a9bbe882d3771f16d0de3494c432135ee8f9b964b52e4,True
053_temporal_style_r01_p046_a_cute_happy_corgi_playing_in_park_sunset_tilt_down,/workspace/video_bench/wan22_ti2v5b_vbench_16x4_seed42/latents/053_temporal_style_r01_p046_a_cute_happy_corgi_playing_in_park_sunset_tilt_down.pt,,20953761,19165886,1787875,20.953761,19.165886,1.787875,19.983064,18.278013,1.70505,1.093284,8.5325,30cd232ec3e49fb505e8bfa50fb76a88df5d5c4ee3a936e949ac45a85c5912c8,30cd232ec3e49fb505e8bfa50fb76a88df5d5c4ee3a936e949ac45a85c5912c8,True
054_temporal_style_r02_p073_a_couple_in_formal_evening_wear_going_home_get_caught_in_a_heavy_downpour_with_u,/workspace/video_bench/wan22_ti2v5b_vbench_16x4_seed42/latents/054_temporal_style_r02_p073_a_couple_in_formal_evening_wear_going_home_get_caught_in_a_heavy_downpour_with_u.pt,,20954092,19139664,1814428,20.954092,19.139664,1.814428,19.983379,18.253006,1.730373,1.094799,8.6591,9f8ef93bd987e5813675b5bd267b48faaccefd3a19e5cdfb4c0c01673c546467,9f8ef93bd987e5813675b5bd267b48faaccefd3a19e5cdfb4c0c01673c546467,True
055_temporal_style_r03_p090_snow_rocky_mountains_peaks_canyon_snow_blanketed_rocky_mountains_surround_and_sh,/workspace/video_bench/wan22_ti2v5b_vbench_16x4_seed42/latents/055_temporal_style_r03_p090_snow_rocky_mountains_peaks_canyon_snow_blanketed_rocky_mountains_surround_and_sh.pt,,20954220,19086813,1867407,20.95422,19.086813,1.867407,19.983501,18.202603,1.780898,1.097838,8.9118,30db96cefcf14a196b6df3cdf1920a97d6449135aa8d82ba42e749b195db938d,30db96cefcf14a196b6df3cdf1920a97d6449135aa8d82ba42e749b195db938d,True
056_appearance_style_r00_p005_a_beautiful_coastal_beach_in_spring_waves_lapping_on_sand_in_cyberpunk_style,/workspace/video_bench/wan22_ti2v5b_vbench_16x4_seed42/latents/056_appearance_style_r00_p005_a_beautiful_coastal_beach_in_spring_waves_lapping_on_sand_in_cyberpunk_style.pt,,20954078,19075789,1878289,20.954078,19.075789,1.878289,19.983366,18.19209,1.791276,1.098465,8.9638,419063276c715dd988d734d33557ea114021aa2bcadd077f69ceb7f7a7a7788a,419063276c715dd988d734d33557ea114021aa2bcadd077f69ceb7f7a7a7788a,True
057_appearance_style_r01_p008_a_beautiful_coastal_beach_in_spring_waves_lapping_on_sand_surrealism_style,/workspace/video_bench/wan22_ti2v5b_vbench_16x4_seed42/latents/057_appearance_style_r01_p008_a_beautiful_coastal_beach_in_spring_waves_lapping_on_sand_surrealism_style.pt,,20954064,18965461,1988603,20.954064,18.965461,1.988603,19.983353,18.086873,1.89648,1.104854,9.4903,b08d65a9d056751a0beaaa38b538becc82f2b09100c1848847e5a2d99a5950bb,b08d65a9d056751a0beaaa38b538becc82f2b09100c1848847e5a2d99a5950bb,True
058_appearance_style_r02_p029_a_panda_drinking_coffee_in_a_cafe_in_paris_by_hokusai_in_the_style_of_ukiyo,/workspace/video_bench/wan22_ti2v5b_vbench_16x4_seed42/latents/058_appearance_style_r02_p029_a_panda_drinking_coffee_in_a_cafe_in_paris_by_hokusai_in_the_style_of_ukiyo.pt,,20954071,19208306,1745765,20.954071,19.208306,1.745765,19.983359,18.318468,1.664891,1.090886,8.3314,bf7e24841aa5caa2a48c5d43af951b2e7f4b9e24459e527dfe49fbede9a8536b,bf7e24841aa5caa2a48c5d43af951b2e7f4b9e24459e527dfe49fbede9a8536b,True
059_appearance_style_r03_p084_snow_rocky_mountains_peaks_canyon_snow_blanketed_rocky_mountains_surround_and_sh,/workspace/video_bench/wan22_ti2v5b_vbench_16x4_seed42/latents/059_appearance_style_r03_p084_snow_rocky_mountains_peaks_canyon_snow_blanketed_rocky_mountains_surround_and_sh.pt,,20954234,19091608,1862626,20.954234,19.091608,1.862626,19.983515,18.207176,1.776339,1.097563,8.889,0f545a19a200aedc3063e2e56c6f5dc7934129becc83aca8f432876d0959852b,0f545a19a200aedc3063e2e56c6f5dc7934129becc83aca8f432876d0959852b,True
060_overall_consistency_r00_p010_fireworks,/workspace/video_bench/wan22_ti2v5b_vbench_16x4_seed42/latents/060_overall_consistency_r00_p010_fireworks.pt,,20953118,19052537,1900581,20.953118,19.052537,1.900581,19.98245,18.169915,1.812535,1.099755,9.0706,d538d9f5335002f34bfda4a14bdd51845d2ed9518a86132985b953b104c541df,d538d9f5335002f34bfda4a14bdd51845d2ed9518a86132985b953b104c541df,True
061_overall_consistency_r01_p012_flying_through_fantasy_landscapes,/workspace/video_bench/wan22_ti2v5b_vbench_16x4_seed42/latents/061_overall_consistency_r01_p012_flying_through_fantasy_landscapes.pt,,20953542,19179482,1774060,20.953542,19.179482,1.77406,19.982855,18.290979,1.691875,1.092498,8.4666,9a551fac6a767558a5fc356e7e40433abde7a28cbae5c79d2ff97a697281904d,9a551fac6a767558a5fc356e7e40433abde7a28cbae5c79d2ff97a697281904d,True
062_overall_consistency_r02_p029_campfire_at_night_in_a_snowy_forest_with_starry_sky_in_the_background,/workspace/video_bench/wan22_ti2v5b_vbench_16x4_seed42/latents/062_overall_consistency_r02_p029_campfire_at_night_in_a_snowy_forest_with_starry_sky_in_the_background.pt,,20954050,19066068,1887982,20.95405,19.066068,1.887982,19.983339,18.182819,1.80052,1.099023,9.0101,e75baa7ef6b17632428ca3807d273c8286c5817cfa2913216ff2815e6379dfa3,e75baa7ef6b17632428ca3807d273c8286c5817cfa2913216ff2815e6379dfa3,True
063_overall_consistency_r03_p037_an_astronaut_is_riding_a_horse_in_the_space_in_a_photorealistic_style,/workspace/video_bench/wan22_ti2v5b_vbench_16x4_seed42/latents/063_overall_consistency_r03_p037_an_astronaut_is_riding_a_horse_in_the_space_in_a_photorealistic_style.pt,,20954050,18975043,1979007,20.95405,18.975043,1.979007,19.983339,18.096011,1.887328,1.104295,9.4445,f64cb6cba940ce9de0de0ad79fb54f7203c7074ccfd2e20f0bd0bd73f0147ce1,f64cb6cba940ce9de0de0ad79fb54f7203c7074ccfd2e20f0bd0bd73f0147ce1,True
